,Global_active_power,Global_reactive_power,Voltage,Global_intensity,Sub_metering_1,Sub_metering_2,Sub_metering_3,Hour,Month,Weekday
count,34589.0,34589.0,34589.0,34589.0,34589.0,34589.0,34589.0,34589.0,34589.0,34589.0
mean,1.0862004651446668,0.12332581938381183,240.84150471408697,4.604360345774668,1.1109514585561884,1.2879141088528467,6.4165147236918605,11.501084159703952,6.450547862037064,2.998959206684206
std,0.8949415529266339,0.06722142713571368,2.9991267201427982,3.7463370425491163,3.5184978912254903,4.168719778887523,7.344718322030257,6.922394428288066,3.415878769843503,2.0000720072864873
min,0.12400000000000001,0.0,225.8345,0.5033333333333333,0.0,0.0,0.0,0.0,1.0,0.0
25%,0.34126666666666666,0.07766666666666668,239.19716666666667,1.51,0.0,0.0,0.65,6.0,3.0,1.0
50%,0.7995333333333333,0.10676666666666666,240.9845,3.4066666666666667,0.0,0.3333333333333333,1.65,12.0,6.0,3.0
75%,1.5749666666666668,0.14936666666666668,242.69183333333334,6.583333333333333,0.0,0.65,14.083333333333334,18.0,9.0,5.0
max,6.560533333333334,0.7743333333333333,251.90200000000002,28.383333333333333,48.36666666666667,46.43333333333333,21.55,23.0,12.0,6.0
